<?xml version="1.0" encoding="UTF-8"?>
<?xml-stylesheet type="text/xsl" href="xmlstylesheet.xsl"?>
<patients>
        
                        <patient>
                        <name>vamsi</name>
                        <age>22</age>
                        <gender>male</gender>
                    </patient><patient>
                        <name>tejasree</name>
                        <age>21</age>
                        <gender>female</gender>
                    </patient><patient>
                        <name>Dinesh</name>
                        <age>99</age>
                        <gender>male</gender>
                    </patient><patient>
                        <name>nikhil</name>
                        <age>99</age>
                        <gender>other</gender>
                    </patient><patient>
                        <name>vamsi</name>
                        <age>21</age>
                        <gender>male</gender>
                    </patient></patients>